work_year,experience_level,employment_type,job_title,salary,salary_currency,employee_residence,remote_ratio,company_location,company_size,salary_in_usd
2023,SE,FT,Data Scientist,198763,USD,GB,50,FR,M,162808
2024,MI,FL,BI Analyst,117960,USD,GB,50,GB,M,73415
2021,MI,PT,Data Scientist,124388,USD,IN,50,DE,L,100242
2023,SE,CT,AI Researcher,62601,USD,DE,50,CA,M,171077
2023,SE,CT,Data Analyst,189092,USD,FR,0,FR,M,138222
2024,EN,FT,Machine Learning Engineer,179227,USD,IN,100,CA,S,75600
2021,EX,FT,BI Analyst,59710,USD,GB,100,US,L,158903
2021,SE,PT,Machine Learning Engineer,148714,USD,IN,0,FR,S,147980
2023,EX,CT,Machine Learning Engineer,195604,USD,DE,0,IN,S,234214
2022,SE,FT,Data Scientist,168727,USD,DE,100,GB,L,160517
2023,SE,CT,Data Analyst,189673,USD,US,50,GB,M,115603
2023,MI,PT,AI Researcher,103227,USD,CA,50,FR,S,135796
2023,EX,PT,Data Engineer,176039,USD,US,100,US,L,211848
2023,SE,FT,Data Engineer,124289,USD,DE,50,GB,M,154543
2024,EN,FL,Machine Learning Engineer,191094,USD,GB,0,US,L,64902
2021,EN,FL,Data Analyst,45722,USD,FR,50,DE,S,19160
2024,MI,FT,BI Analyst,198485,USD,GB,50,CA,M,73564
2024,SE,PT,Data Scientist,121050,USD,US,50,IN,M,169901
2024,EX,FT,Data Analyst,123596,USD,FR,100,CA,L,159227
2023,EN,FT,Data Analyst,106732,USD,DE,0,CA,M,47546
2022,MI,CT,Data Scientist,183369,USD,GB,50,DE,S,94218
2021,MI,CT,Machine Learning Engineer,108323,USD,DE,100,GB,S,92552
2022,EX,FT,Data Analyst,63816,USD,FR,50,IN,S,158149
2024,SE,CT,Data Engineer,80695,USD,FR,0,GB,L,144635
2024,SE,PT,Data Scientist,190774,USD,GB,50,FR,M,144164
2022,MI,FT,BI Analyst,196314,USD,DE,0,CA,M,72964
2022,MI,PT,AI Researcher,95841,USD,IN,50,FR,M,102908
2022,MI,FT,Machine Learning Engineer,168498,USD,DE,0,US,S,124788
2024,EN,FT,Data Scientist,147096,USD,FR,50,CA,M,50583
2024,SE,PT,AI Researcher,132764,USD,DE,0,GB,S,203791
2021,SE,CT,AI Researcher,125744,USD,US,50,CA,M,204931
2021,EX,CT,BI Analyst,68482,USD,IN,50,US,S,168784
2024,EX,FL,Data Analyst,49171,USD,CA,100,DE,M,144873
2022,MI,FT,BI Analyst,140755,USD,US,100,FR,L,45211
2022,SE,FT,Data Analyst,148125,USD,CA,0,FR,L,89919
2021,EX,FL,Data Analyst,170722,USD,GB,50,GB,S,139392
2024,SE,CT,Data Scientist,146082,USD,CA,0,CA,S,174677
2021,MI,PT,Data Scientist,43696,USD,DE,100,GB,M,100737
2021,MI,CT,Machine Learning Engineer,166310,USD,CA,0,DE,M,113844
2023,EN,PT,Data Analyst,191130,USD,FR,0,CA,L,6693
2023,EX,FL,AI Researcher,191385,USD,US,100,CA,M,242030
2023,SE,FT,Data Engineer,59149,USD,US,50,GB,S,153306
2022,MI,CT,Machine Learning Engineer,170064,USD,CA,0,GB,S,112301
2024,SE,PT,Data Scientist,93521,USD,US,100,US,S,151791
2024,SE,FT,BI Analyst,85740,USD,FR,50,DE,S,127472
2024,MI,FT,Machine Learning Engineer,146611,USD,US,100,US,S,132536
2024,EN,PT,Machine Learning Engineer,176028,USD,CA,0,FR,L,56684
2023,SE,FL,Machine Learning Engineer,106641,USD,IN,50,CA,L,169040
2022,MI,FT,Machine Learning Engineer,103811,USD,IN,50,GB,S,110888
2022,SE,FT,Data Engineer,103232,USD,GB,100,CA,M,175881
2023,MI,FT,BI Analyst,55417,USD,US,100,CA,S,45009
2022,SE,CT,BI Analyst,195801,USD,CA,100,IN,L,129248
2023,MI,PT,BI Analyst,152492,USD,US,50,FR,S,74777
2024,MI,FT,Data Analyst,70099,USD,DE,50,IN,L,80501
2023,SE,FT,AI Researcher,183674,USD,FR,0,CA,L,172139
2024,MI,FL,BI Analyst,158474,USD,US,50,GB,S,75765
2024,EN,FT,Machine Learning Engineer,49256,USD,US,0,CA,S,70671
2021,EN,PT,Machine Learning Engineer,74681,USD,IN,100,FR,M,106693
2023,SE,FT,BI Analyst,131328,USD,FR,100,IN,L,131120
2021,SE,CT,BI Analyst,83361,USD,CA,50,GB,M,106279
2023,SE,FT,Machine Learning Engineer,74540,USD,US,100,CA,S,161643
2023,MI,FT,Data Analyst,197608,USD,IN,100,DE,L,65198
2021,EN,CT,Data Scientist,124700,USD,GB,50,FR,M,28065
2021,EN,FT,Data Scientist,118532,USD,FR,0,FR,M,50048
2023,MI,PT,BI Analyst,167626,USD,IN,50,DE,M,87492
2022,MI,PT,Data Engineer,173943,USD,IN,0,CA,S,70886
2024,MI,PT,BI Analyst,86002,USD,IN,50,FR,S,92227
2021,MI,FL,BI Analyst,89812,USD,US,50,GB,S,83816
2024,EX,FL,Data Scientist,193698,USD,US,100,CA,L,208986
2022,MI,FT,Machine Learning Engineer,148946,USD,GB,50,CA,S,105877
2022,MI,PT,BI Analyst,106668,USD,DE,50,IN,L,100474
2022,SE,CT,Machine Learning Engineer,139003,USD,DE,0,FR,M,179003
2021,MI,FT,Machine Learning Engineer,82998,USD,DE,100,FR,M,108131
2022,SE,FT,Data Engineer,144601,USD,FR,0,DE,S,136434
2021,SE,CT,Machine Learning Engineer,47812,USD,FR,0,IN,M,169149
2022,EX,FL,Data Scientist,101844,USD,GB,100,IN,S,212323
2024,EN,FL,Data Analyst,173251,USD,FR,100,FR,L,8428
2024,EX,CT,Data Analyst,114601,USD,DE,100,CA,M,190632
2023,MI,FL,AI Researcher,179347,USD,DE,50,IN,S,119329
2024,MI,PT,BI Analyst,87857,USD,IN,100,DE,M,82472
2023,MI,FT,Data Scientist,165555,USD,FR,100,IN,M,98131
2024,EX,FT,Machine Learning Engineer,60700,USD,US,100,DE,S,228973
2021,MI,FT,Data Analyst,133330,USD,US,0,IN,M,69211
2024,MI,FT,Data Scientist,184941,USD,IN,0,DE,M,75009
2023,SE,FT,Data Analyst,192026,USD,IN,50,IN,M,146156
2023,MI,FT,Machine Learning Engineer,103353,USD,IN,0,IN,M,89482
2022,EN,CT,Data Analyst,140772,USD,US,50,GB,L,24520
2021,EN,FT,BI Analyst,131502,USD,DE,0,DE,M,35896
2024,EN,FT,BI Analyst,153943,USD,IN,100,DE,M,61821
2022,EN,FT,AI Researcher,149850,USD,GB,0,DE,S,65217
2024,EN,FT,AI Researcher,85095,USD,IN,50,US,L,46457
2024,SE,CT,Data Analyst,185342,USD,CA,0,IN,S,130815
2022,EN,PT,Data Scientist,55523,USD,IN,100,DE,S,65965
2022,MI,FT,BI Analyst,102433,USD,US,50,FR,S,84576
2022,SE,FT,Data Scientist,59991,USD,FR,100,US,L,164736
2022,MI,PT,Data Scientist,50775,USD,IN,100,GB,S,134915
2022,SE,PT,Data Analyst,124995,USD,FR,50,DE,S,144776
2024,EN,FT,Data Scientist,187745,USD,CA,100,DE,S,44699
2022,EN,FT,BI Analyst,162808,USD,GB,100,US,M,66858
2021,EN,FT,Machine Learning Engineer,198128,USD,FR,0,IN,S,65747
2023,EN,FT,AI Researcher,177686,USD,DE,100,FR,L,72486
2022,MI,PT,Machine Learning Engineer,47415,USD,IN,100,GB,L,82615
2022,EN,FT,Data Scientist,188036,USD,CA,100,DE,M,52444
2024,EN,FT,Machine Learning Engineer,77044,USD,CA,100,IN,L,47807
2022,EN,FT,BI Analyst,89976,USD,FR,50,FR,L,54920
2022,MI,CT,BI Analyst,43832,USD,GB,0,FR,M,92566
2022,MI,FT,Data Scientist,74148,USD,US,100,GB,S,67882
2024,MI,FT,Data Analyst,152230,USD,IN,100,CA,M,71669
2022,MI,PT,Machine Learning Engineer,125076,USD,CA,50,FR,S,124827
2023,SE,FT,Data Analyst,78402,USD,GB,100,CA,S,109199
2024,EN,FT,Data Analyst,78578,USD,DE,50,FR,L,50935
2023,SE,CT,Data Engineer,130453,USD,CA,0,GB,M,145267
2024,SE,FT,Data Scientist,193390,USD,GB,0,US,L,159124
2022,EN,FL,AI Researcher,115715,USD,US,100,GB,L,60930
2023,SE,CT,BI Analyst,151435,USD,US,100,GB,S,100751
2024,EX,FT,BI Analyst,191538,USD,CA,100,US,L,153177
2021,EN,PT,Data Scientist,135742,USD,CA,50,US,M,65640
2022,MI,FT,AI Researcher,85475,USD,FR,100,IN,L,117291
2024,SE,FT,BI Analyst,100142,USD,IN,100,FR,L,116922
2021,SE,FT,Data Scientist,197636,USD,GB,0,IN,S,147641
2024,EN,FL,BI Analyst,193484,USD,CA,100,US,M,37922
2021,MI,CT,Data Analyst,133526,USD,IN,0,CA,L,87703
2022,MI,CT,Machine Learning Engineer,91001,USD,FR,100,CA,S,102971
2023,MI,FT,Machine Learning Engineer,97649,USD,IN,0,GB,L,87884
2021,SE,FL,BI Analyst,184228,USD,CA,100,DE,M,130154
2024,MI,FT,Data Engineer,194136,USD,US,0,GB,L,86926
2022,MI,FT,AI Researcher,65711,USD,GB,50,GB,L,117470
2021,SE,FT,AI Researcher,70106,USD,GB,0,DE,S,206113
2024,EN,CT,AI Researcher,105458,USD,US,0,FR,L,64691
2024,MI,FT,Data Analyst,187661,USD,CA,0,US,S,76337
2024,SE,FT,AI Researcher,170429,USD,GB,100,CA,M,164316
2021,SE,FT,Machine Learning Engineer,141754,USD,CA,100,GB,L,164704
2021,MI,FL,Data Analyst,178286,USD,FR,100,DE,M,81142
2021,MI,CT,Data Scientist,166479,USD,CA,50,IN,M,75669
2023,EN,FT,AI Researcher,198199,USD,IN,50,GB,L,68012
2021,MI,FT,AI Researcher,176213,USD,US,0,CA,S,118511
2021,MI,FT,Data Scientist,68884,USD,CA,50,US,M,99619
2021,MI,PT,AI Researcher,42708,USD,FR,0,GB,M,132557
2023,MI,FL,Data Scientist,58375,USD,DE,0,GB,L,104016
2021,MI,FT,Data Analyst,55088,USD,US,0,FR,L,94171
2024,EN,PT,Machine Learning Engineer,97615,USD,GB,50,DE,L,45096
2021,MI,FT,Data Scientist,150138,USD,IN,100,IN,L,101038
2024,MI,FL,Data Engineer,50014,USD,GB,50,IN,L,91267
2024,MI,FT,Data Scientist,174345,USD,FR,0,US,L,82961
2024,EN,CT,AI Researcher,142842,USD,FR,0,CA,S,79344
2023,SE,FL,Data Analyst,118077,USD,GB,50,US,M,146870
2023,MI,PT,BI Analyst,179784,USD,US,0,GB,S,76244
2023,SE,CT,Data Analyst,92874,USD,GB,0,GB,S,119575
2021,SE,FT,BI Analyst,109087,USD,CA,50,IN,L,120267
2024,MI,PT,Data Scientist,52297,USD,GB,50,CA,M,88296
2023,EN,FT,Machine Learning Engineer,67128,USD,IN,50,DE,S,32688
2023,MI,FT,Data Engineer,108368,USD,IN,0,CA,L,79413
2021,MI,FT,Data Analyst,118958,USD,DE,0,GB,L,51120
2023,SE,FT,AI Researcher,72920,USD,IN,100,DE,M,207561
2021,MI,FL,BI Analyst,182228,USD,GB,100,CA,S,74773
2022,EN,FT,AI Researcher,182180,USD,IN,50,CA,S,59811
2023,MI,PT,Machine Learning Engineer,173872,USD,US,100,DE,S,121337
2022,MI,CT,BI Analyst,173682,USD,IN,0,GB,L,59673
2021,SE,FT,Data Analyst,117603,USD,CA,100,CA,M,100497
2024,MI,PT,Data Scientist,73872,USD,US,0,DE,M,100021
2023,MI,FT,AI Researcher,50728,USD,DE,50,FR,S,132431
2021,EX,PT,Machine Learning Engineer,135102,USD,CA,50,FR,L,247525
2024,SE,CT,Data Analyst,162049,USD,GB,0,GB,S,115724
2024,MI,PT,Data Analyst,60583,USD,GB,100,DE,M,73171
2022,EN,FT,Data Analyst,125774,USD,GB,50,FR,L,46003
2021,EN,CT,Data Analyst,178335,USD,CA,50,DE,S,43024
2024,MI,FL,BI Analyst,166374,USD,CA,100,CA,S,61050
2023,EN,FT,Data Analyst,190528,USD,CA,100,GB,L,40691
2023,EN,FT,AI Researcher,131118,USD,US,0,FR,M,48894
2022,MI,FL,Machine Learning Engineer,105942,USD,FR,100,CA,L,109216
2024,EN,PT,BI Analyst,53689,USD,US,100,US,S,35290
2021,SE,CT,Data Analyst,73276,USD,GB,100,US,S,150090
2023,EN,FT,Data Engineer,141968,USD,FR,0,GB,S,49401
2024,MI,FT,Data Engineer,190945,USD,IN,0,FR,S,68936
2024,MI,FL,Machine Learning Engineer,53050,USD,GB,50,FR,M,105987
2022,EX,FL,Data Scientist,106216,USD,DE,0,FR,M,227790
2023,EN,FT,Data Scientist,124040,USD,US,50,DE,S,80100
2023,MI,PT,BI Analyst,61644,USD,CA,100,CA,M,67658
2021,EX,FT,BI Analyst,102021,USD,US,50,FR,M,146263
2023,SE,FL,BI Analyst,82291,USD,CA,50,CA,M,131252
2021,SE,FT,Data Scientist,172610,USD,FR,100,GB,S,133291
2023,MI,FT,Data Engineer,81520,USD,DE,50,FR,L,83457
2022,EN,FT,Data Scientist,65675,USD,FR,0,GB,L,51135
2023,SE,FL,AI Researcher,189359,USD,DE,0,FR,L,180955
2021,EX,PT,Data Analyst,40174,USD,US,0,US,S,170337
2021,MI,FL,BI Analyst,132268,USD,CA,0,IN,M,66245
2022,MI,PT,Data Engineer,74998,USD,FR,50,GB,M,85894
2023,MI,FT,Machine Learning Engineer,183184,USD,DE,50,FR,S,107785
2023,SE,PT,Machine Learning Engineer,145410,USD,GB,100,IN,S,170243
2022,EN,CT,Data Analyst,115225,USD,GB,50,GB,L,41467
2023,MI,CT,Data Engineer,84814,USD,FR,50,DE,L,96540
2023,MI,CT,Data Scientist,125091,USD,CA,50,FR,S,111657
2021,MI,FT,Data Scientist,90719,USD,FR,100,DE,L,104889
2023,MI,FT,AI Researcher,169887,USD,US,0,US,M,123803
2023,EN,FL,AI Researcher,73919,USD,DE,50,FR,S,41266
2022,SE,FL,Data Scientist,113155,USD,US,100,US,S,154753
2022,MI,FT,Machine Learning Engineer,111569,USD,GB,100,IN,M,115192
2024,MI,PT,BI Analyst,81328,USD,DE,100,GB,M,87434
2021,EN,FT,Machine Learning Engineer,64618,USD,FR,0,CA,M,49614
2023,MI,PT,AI Researcher,74675,USD,US,50,US,L,107114
2023,MI,PT,Data Analyst,58919,USD,IN,100,CA,S,63388
2024,EN,FT,Data Scientist,44173,USD,CA,0,CA,L,63046
2023,MI,FL,AI Researcher,149369,USD,CA,100,GB,M,132508
2021,EN,CT,AI Researcher,66400,USD,IN,100,IN,L,58888
2024,EN,PT,BI Analyst,110305,USD,GB,100,GB,M,56119
2021,EX,FT,Data Scientist,128791,USD,DE,100,FR,L,221852
2024,MI,FL,BI Analyst,199034,USD,CA,100,US,L,74635
2024,SE,CT,Data Scientist,110533,USD,IN,0,CA,M,150829
2022,MI,PT,BI Analyst,143591,USD,FR,50,GB,L,87699
2021,SE,PT,Machine Learning Engineer,181650,USD,IN,50,GB,S,172883
2023,SE,FT,Data Analyst,171060,USD,GB,50,GB,L,146137
2023,MI,FT,Data Analyst,189696,USD,GB,50,US,L,59216
2021,MI,FL,Data Scientist,79194,USD,US,0,IN,S,106771
2023,MI,CT,Data Engineer,149903,USD,CA,0,GB,M,82061
2023,MI,PT,AI Researcher,171461,USD,US,0,US,S,103960
2021,EX,FL,AI Researcher,139303,USD,IN,100,CA,L,259836
2024,SE,FL,Data Scientist,153903,USD,DE,100,FR,M,156060
2021,EX,FT,BI Analyst,107391,USD,DE,100,DE,L,213772
2024,EN,FT,Data Engineer,184866,USD,GB,50,US,L,47237
2023,SE,CT,Machine Learning Engineer,98002,USD,DE,100,DE,S,151047
2023,EX,PT,BI Analyst,75531,USD,DE,50,GB,S,174095
2023,EN,FL,BI Analyst,44986,USD,DE,100,GB,M,11380
2022,EN,PT,Data Scientist,72298,USD,IN,50,US,M,53620
2024,SE,FT,Data Scientist,41481,USD,DE,100,DE,M,154240
2022,MI,CT,AI Researcher,96408,USD,FR,100,GB,L,128919
2022,SE,FL,Data Scientist,161950,USD,DE,0,CA,S,168604
2021,EN,PT,Data Scientist,187907,USD,DE,100,IN,S,47446
2022,SE,FT,Data Scientist,165355,USD,US,100,IN,S,151740
2021,MI,FT,AI Researcher,67798,USD,IN,0,GB,M,105508
2021,EN,CT,Machine Learning Engineer,131649,USD,GB,50,DE,S,43079
2022,EN,FT,Machine Learning Engineer,104887,USD,US,0,FR,S,64648
2024,SE,FT,Data Scientist,59477,USD,CA,0,GB,S,134896
2024,SE,CT,AI Researcher,188338,USD,IN,50,FR,M,175780
2024,MI,FT,Machine Learning Engineer,167815,USD,FR,100,FR,S,93072
2024,MI,FT,BI Analyst,167426,USD,IN,50,DE,M,84745
2024,SE,FT,Machine Learning Engineer,182961,USD,CA,100,FR,S,195021
2022,MI,FT,Machine Learning Engineer,64335,USD,CA,100,CA,S,88476
2022,SE,FT,AI Researcher,182326,USD,CA,50,DE,S,154204
2023,MI,FT,BI Analyst,126610,USD,GB,0,GB,M,74626
2024,MI,FT,AI Researcher,51442,USD,DE,50,CA,M,117235
2022,MI,PT,Data Scientist,86289,USD,IN,100,US,S,102279
2023,MI,FL,Data Analyst,93747,USD,DE,50,IN,L,65305
2024,SE,FT,Machine Learning Engineer,77327,USD,DE,50,GB,M,164990
2021,MI,PT,Data Analyst,187271,USD,FR,100,GB,M,77512
2023,MI,FT,AI Researcher,112827,USD,CA,0,GB,S,132606
2022,SE,FL,AI Researcher,146464,USD,GB,50,CA,L,152674
2021,MI,FT,AI Researcher,171184,USD,FR,100,US,S,111465
2021,MI,FL,Data Analyst,127051,USD,US,100,DE,M,75207
2021,EX,FT,AI Researcher,190653,USD,GB,50,US,M,246230
2023,SE,FL,Data Scientist,99722,USD,DE,0,CA,S,179967
2022,EN,PT,AI Researcher,132036,USD,GB,50,GB,S,55468
2021,EX,CT,Data Engineer,187595,USD,CA,0,IN,L,199380
2024,SE,PT,Data Analyst,106960,USD,US,0,GB,L,120340
2021,MI,FT,Data Engineer,59552,USD,CA,0,DE,M,81130
2021,EN,PT,AI Researcher,181880,USD,US,0,FR,L,37301
2023,SE,FT,Data Scientist,194692,USD,FR,50,IN,L,147570
2023,SE,FT,Machine Learning Engineer,40887,USD,DE,100,GB,M,183441
2022,MI,FL,BI Analyst,71802,USD,US,100,IN,M,71446
2024,SE,FT,BI Analyst,125024,USD,US,100,FR,M,106303
2023,SE,CT,AI Researcher,158639,USD,US,100,US,M,195885
2021,EN,FT,Data Scientist,158248,USD,GB,100,CA,S,50038
2022,MI,FL,Data Analyst,121938,USD,FR,100,GB,M,64347
2021,MI,FT,Data Engineer,162746,USD,GB,50,DE,M,92241
2021,SE,FL,Data Engineer,66049,USD,DE,0,US,M,151561
2023,EN,FL,Data Engineer,117789,USD,US,100,GB,L,85725
2022,MI,FL,Data Analyst,124526,USD,FR,50,US,M,84408
2024,SE,FT,BI Analyst,178918,USD,FR,100,DE,S,136397
2024,SE,PT,Data Scientist,86220,USD,IN,100,GB,S,146410
2023,MI,FL,Data Analyst,86163,USD,DE,0,FR,M,56611
2023,SE,FT,Data Engineer,174837,USD,FR,0,FR,S,140934
2022,EN,CT,AI Researcher,157126,USD,US,0,DE,L,66607
2024,SE,FT,Machine Learning Engineer,121486,USD,US,100,IN,M,151822
2024,EN,FT,Data Analyst,115277,USD,FR,100,DE,S,37370
2024,MI,FT,Data Analyst,144245,USD,GB,100,IN,S,77989
2021,SE,FT,Data Scientist,162332,USD,DE,0,GB,M,159405
2024,EN,FT,Data Scientist,62931,USD,US,50,IN,S,62564
2021,MI,FT,Data Analyst,129116,USD,FR,100,GB,M,76364
2022,SE,FL,Data Engineer,95633,USD,US,100,GB,S,132394
2021,SE,PT,Machine Learning Engineer,91913,USD,FR,100,CA,L,160291
2022,SE,FT,Data Scientist,134776,USD,DE,50,GB,S,136015
2024,SE,FT,Data Engineer,65991,USD,FR,100,IN,S,166771
2024,MI,FT,AI Researcher,144092,USD,IN,50,CA,M,117201
2022,MI,FT,Data Scientist,181633,USD,FR,100,CA,S,95627
2023,MI,FT,Data Engineer,187973,USD,FR,50,GB,M,76068
2022,EN,CT,Data Engineer,135556,USD,DE,100,DE,L,94034
2023,EX,FL,Machine Learning Engineer,102875,USD,FR,0,DE,M,223900
2021,MI,FT,Machine Learning Engineer,196989,USD,DE,0,FR,M,101567
2021,MI,PT,AI Researcher,102120,USD,IN,0,CA,S,123237
2021,MI,FL,Data Engineer,173060,USD,DE,0,GB,L,99003
2024,EX,FT,BI Analyst,150041,USD,US,100,DE,M,184368
2021,EN,FL,Data Engineer,168467,USD,DE,0,GB,S,77114
2023,MI,FL,Machine Learning Engineer,185328,USD,IN,50,GB,S,115592
2021,MI,FL,BI Analyst,158490,USD,CA,0,CA,M,60659
2022,SE,CT,Data Scientist,166155,USD,FR,0,FR,S,150145
2022,EN,PT,Data Scientist,68230,USD,DE,0,CA,M,59617
2024,SE,FT,Data Analyst,99778,USD,FR,100,US,M,143023
2022,EX,FT,Machine Learning Engineer,85833,USD,GB,0,DE,M,219032
2023,MI,FT,Data Analyst,62625,USD,US,50,DE,L,90038
2021,SE,FL,BI Analyst,72088,USD,US,0,DE,M,121698
2024,EX,FT,Machine Learning Engineer,143937,USD,GB,0,IN,S,252567
2021,SE,CT,AI Researcher,116361,USD,GB,0,GB,L,180470
2021,EN,CT,Data Engineer,128229,USD,DE,50,CA,S,37363
2023,MI,FT,AI Researcher,175189,USD,GB,0,DE,L,128263
2022,SE,CT,BI Analyst,130265,USD,CA,50,US,L,128816
2022,MI,FT,Machine Learning Engineer,137718,USD,FR,50,DE,L,122580
2021,SE,PT,BI Analyst,100710,USD,FR,0,FR,L,118800
2024,EX,FT,Data Engineer,134876,USD,IN,50,GB,S,191002
2022,EX,PT,Data Scientist,70949,USD,GB,100,GB,M,196618
2024,MI,CT,Data Scientist,193619,USD,GB,0,CA,S,111290
2022,EN,PT,BI Analyst,108136,USD,CA,0,IN,M,48858
2024,EX,PT,Data Analyst,151541,USD,US,50,CA,S,145513
2023,SE,PT,Machine Learning Engineer,101842,USD,US,50,DE,L,159921
2024,EN,CT,Machine Learning Engineer,66990,USD,FR,0,FR,L,52998
2023,EX,FL,Data Scientist,187265,USD,FR,100,US,M,197755
2023,SE,PT,AI Researcher,70109,USD,DE,50,CA,M,169734
2024,MI,FT,Data Engineer,170356,USD,CA,50,IN,S,72992
2023,MI,CT,AI Researcher,190305,USD,IN,100,CA,M,110812
2021,MI,PT,AI Researcher,168133,USD,IN,100,GB,S,105919
2023,EN,FL,BI Analyst,41306,USD,CA,0,DE,M,18094
2022,MI,CT,Data Scientist,43849,USD,IN,100,DE,M,129338
2024,SE,FT,Data Scientist,52360,USD,US,0,DE,M,172788
2021,EN,FL,Data Scientist,151072,USD,IN,100,DE,L,43314
2024,MI,FT,BI Analyst,134767,USD,IN,50,DE,L,80586
2022,MI,PT,Data Analyst,94330,USD,CA,0,DE,S,78261
2022,MI,FT,AI Researcher,91707,USD,CA,0,US,M,134866
2022,EX,FT,BI Analyst,58689,USD,IN,0,IN,S,157720
2023,MI,CT,Machine Learning Engineer,69084,USD,GB,100,DE,M,124381
2023,MI,FT,Data Engineer,80387,USD,CA,50,IN,L,81781
2024,SE,FT,Data Analyst,114816,USD,DE,0,FR,L,91962
2024,MI,FT,Machine Learning Engineer,42642,USD,DE,0,DE,M,118862
2021,MI,FT,AI Researcher,82137,USD,US,0,CA,M,136361
2021,MI,FT,Data Scientist,102260,USD,IN,0,DE,L,137818
2024,EN,FL,AI Researcher,186510,USD,GB,50,GB,L,47004
2023,EN,FT,BI Analyst,88442,USD,US,100,US,S,52983
2022,MI,FT,Data Engineer,143061,USD,IN,50,CA,L,83852
2024,MI,CT,BI Analyst,174066,USD,CA,0,CA,M,88250
2021,EX,FT,Data Analyst,165844,USD,DE,50,GB,S,137942
2023,MI,FT,Data Analyst,139575,USD,FR,0,DE,M,53058
2024,MI,FT,Data Engineer,41813,USD,GB,100,US,S,78361
2024,SE,FT,Machine Learning Engineer,133027,USD,FR,100,CA,M,169184
2023,EN,CT,Machine Learning Engineer,163489,USD,DE,100,US,L,50383
2024,SE,FT,Data Analyst,124381,USD,FR,0,CA,M,121885
2023,EN,PT,Data Analyst,95276,USD,CA,50,DE,S,55403
2022,EX,FL,Data Scientist,81243,USD,IN,100,FR,M,228993
2023,EN,FL,Machine Learning Engineer,100272,USD,CA,0,CA,S,84281
2023,MI,FT,Data Engineer,105618,USD,FR,0,FR,M,96237
2023,EN,PT,Machine Learning Engineer,41920,USD,CA,50,CA,L,41746
2024,EX,FT,Data Scientist,146121,USD,DE,100,IN,L,240450
2024,MI,PT,BI Analyst,116872,USD,GB,0,DE,M,67422
2023,MI,PT,Data Analyst,121132,USD,CA,50,GB,M,85656
2024,EN,FT,Data Analyst,42093,USD,DE,100,FR,M,63606
2021,SE,CT,Data Scientist,52905,USD,GB,50,GB,S,160850
2021,MI,PT,Data Engineer,161759,USD,IN,50,DE,M,67557
2024,SE,PT,Data Analyst,195423,USD,FR,0,GB,M,98226
2024,MI,CT,AI Researcher,70981,USD,IN,0,DE,S,136841
2023,EN,PT,Data Analyst,113903,USD,US,0,GB,L,37463
2022,EN,PT,AI Researcher,110821,USD,DE,50,FR,M,66193
2024,MI,PT,Data Scientist,149200,USD,GB,0,IN,M,110382
2021,MI,FL,Data Scientist,122289,USD,CA,50,GB,L,109444
2023,EN,FT,Data Analyst,156506,USD,IN,50,FR,L,44181
2024,SE,CT,Machine Learning Engineer,118513,USD,GB,0,CA,S,164869
2021,MI,PT,AI Researcher,190946,USD,DE,100,DE,M,112309
2021,MI,FL,Data Engineer,178746,USD,US,100,US,M,102868
2022,MI,CT,Data Analyst,90516,USD,IN,100,US,S,80303
2023,MI,FT,Data Engineer,109212,USD,FR,50,DE,L,86140
2023,MI,FT,Data Analyst,173498,USD,GB,50,IN,S,88231
2022,EN,PT,Machine Learning Engineer,170970,USD,FR,50,GB,L,58064
2022,EN,FL,Machine Learning Engineer,130009,USD,GB,0,IN,S,47225
2023,SE,FL,Machine Learning Engineer,84816,USD,GB,50,US,L,156615
2023,EX,CT,BI Analyst,44138,USD,DE,0,FR,S,155318
2024,MI,CT,Machine Learning Engineer,131176,USD,DE,0,DE,L,103913
2024,MI,FL,Data Scientist,115945,USD,DE,100,DE,L,117505
2022,SE,CT,Data Scientist,44017,USD,CA,100,IN,L,141923
2024,MI,FL,BI Analyst,50451,USD,GB,100,FR,L,79327
2021,EN,FT,AI Researcher,133863,USD,IN,0,IN,L,55149
2024,EN,FL,Data Engineer,50278,USD,FR,0,GB,M,46095
2024,SE,FT,Data Analyst,83764,USD,DE,0,CA,L,89349
2021,SE,CT,Data Analyst,163030,USD,DE,50,FR,M,108691
2022,EN,FL,BI Analyst,172206,USD,FR,0,CA,L,39594
2021,MI,FL,Data Scientist,102943,USD,FR,100,GB,M,107104
2024,MI,CT,Data Analyst,135667,USD,GB,100,CA,M,75349
2022,SE,FT,Data Scientist,94318,USD,DE,0,US,S,136024
2024,EN,FT,AI Researcher,143423,USD,FR,0,CA,L,81262
2021,EN,CT,Data Engineer,143998,USD,CA,100,GB,S,53154
2021,SE,FT,AI Researcher,100128,USD,CA,0,CA,S,184975
2024,EN,CT,BI Analyst,61869,USD,DE,100,DE,L,42362
2023,SE,CT,Machine Learning Engineer,45039,USD,FR,50,IN,S,160233
2023,MI,FT,Machine Learning Engineer,192353,USD,GB,100,US,L,111267
2021,EN,FT,Machine Learning Engineer,152935,USD,GB,50,DE,S,67133
2021,MI,CT,AI Researcher,50442,USD,GB,0,DE,L,90796
2023,SE,CT,Data Analyst,113788,USD,US,0,GB,L,103918
2023,SE,CT,Data Engineer,159729,USD,DE,50,IN,L,136175
2024,SE,FT,Machine Learning Engineer,67586,USD,GB,0,IN,M,171842
2024,MI,CT,BI Analyst,93053,USD,CA,50,FR,S,94399
2023,SE,CT,BI Analyst,126346,USD,FR,0,US,M,107423
2024,MI,PT,Machine Learning Engineer,107087,USD,IN,100,GB,S,100530
2024,MI,FT,Machine Learning Engineer,183697,USD,IN,0,US,S,100311
2022,SE,FT,Data Engineer,74397,USD,GB,100,FR,S,127977
2024,EN,FT,Machine Learning Engineer,98671,USD,IN,100,CA,M,54792
2021,EN,PT,Data Engineer,156214,USD,IN,50,DE,S,61562
2024,MI,FT,BI Analyst,106897,USD,US,0,US,M,60692
2024,EN,CT,Machine Learning Engineer,197221,USD,CA,50,DE,L,66417
2023,EN,PT,AI Researcher,176355,USD,CA,0,GB,S,39471
2021,MI,CT,AI Researcher,178682,USD,US,100,CA,S,108579
2024,MI,FT,BI Analyst,54924,USD,US,100,GB,L,71557
2024,SE,FL,Data Engineer,153143,USD,IN,0,CA,L,165122
2022,SE,PT,AI Researcher,150253,USD,DE,0,CA,S,177877
2024,MI,FT,Data Engineer,140297,USD,FR,50,DE,L,56981
2024,MI,PT,AI Researcher,40869,USD,FR,0,GB,M,87016
2022,MI,PT,AI Researcher,137088,USD,IN,0,GB,M,117510
2023,MI,FT,Data Engineer,41014,USD,FR,0,US,S,99206
2024,MI,FT,Data Analyst,50103,USD,US,50,GB,M,77631
2022,SE,FT,AI Researcher,150317,USD,CA,0,US,M,184513
2021,MI,CT,Machine Learning Engineer,122409,USD,FR,100,IN,S,125433
2023,MI,PT,BI Analyst,63248,USD,IN,50,IN,L,68406
2021,MI,CT,Data Analyst,195242,USD,DE,50,IN,S,85423
2021,MI,FL,Data Engineer,48024,USD,IN,100,FR,M,65519
2022,EX,FT,Data Analyst,125947,USD,GB,100,GB,S,146425
2024,SE,CT,Data Scientist,190368,USD,IN,100,FR,S,126894
2022,EN,FT,Data Scientist,131829,USD,US,0,GB,M,50877
2022,SE,CT,AI Researcher,132708,USD,CA,100,US,M,181306
2022,MI,FT,AI Researcher,126664,USD,CA,0,FR,S,118711
2022,SE,FT,Machine Learning Engineer,189329,USD,FR,50,FR,M,168928
2023,SE,FT,BI Analyst,183927,USD,US,50,FR,M,105086
2024,MI,FT,Data Analyst,125178,USD,GB,100,CA,M,69146
2021,EN,FT,Data Scientist,141121,USD,US,0,US,M,32538
2021,MI,FT,AI Researcher,60025,USD,IN,100,IN,M,137448
2024,MI,FT,BI Analyst,175530,USD,US,100,US,M,71945
2021,SE,PT,Data Analyst,103610,USD,US,0,CA,L,104666
2024,MI,CT,AI Researcher,110843,USD,GB,100,GB,S,140834
2021,EN,FT,AI Researcher,147237,USD,IN,50,US,M,46366
2022,SE,FT,Data Scientist,170299,USD,DE,100,FR,S,137116
2021,EX,FT,Data Scientist,45668,USD,DE,0,IN,L,203556
2024,MI,FT,AI Researcher,113233,USD,CA,0,IN,M,115981
2024,EN,PT,Data Engineer,195489,USD,FR,50,GB,S,56474
2024,MI,CT,AI Researcher,121982,USD,US,0,US,M,128095
2024,EN,PT,BI Analyst,146133,USD,CA,0,CA,M,81079
2024,EX,FT,AI Researcher,50751,USD,GB,50,GB,M,226258
2023,EN,FT,Machine Learning Engineer,86218,USD,DE,100,US,M,69131
2023,MI,FT,Machine Learning Engineer,166649,USD,US,50,DE,M,99643
2021,MI,FL,Machine Learning Engineer,47352,USD,GB,100,IN,M,99203
2024,MI,FT,Data Engineer,128835,USD,FR,50,CA,M,80703
2021,SE,FT,Data Engineer,137493,USD,GB,100,FR,L,126368
2024,SE,PT,AI Researcher,68927,USD,US,50,CA,L,207267
2024,MI,CT,Machine Learning Engineer,141948,USD,FR,100,FR,M,120634
2023,EN,FT,Data Engineer,69493,USD,GB,50,CA,M,50347
2023,EN,CT,Data Scientist,71707,USD,FR,100,IN,L,75265
2022,EX,PT,AI Researcher,178368,USD,US,50,FR,L,237312
2023,SE,FT,BI Analyst,196470,USD,US,0,US,L,99039
2022,MI,CT,Data Analyst,75842,USD,FR,100,FR,M,39330
2022,SE,CT,AI Researcher,53261,USD,IN,50,GB,S,171508
2022,SE,FT,Data Analyst,116709,USD,CA,100,US,S,114425
2022,EN,FT,Machine Learning Engineer,135985,USD,GB,100,GB,S,61542
2022,EX,FT,Data Analyst,146616,USD,GB,50,CA,S,162240
2021,MI,CT,Machine Learning Engineer,107173,USD,IN,100,US,M,86834
2023,MI,FT,Data Scientist,71781,USD,IN,50,CA,S,111047
2022,MI,FT,Data Analyst,53652,USD,IN,0,DE,L,75594
2024,EN,FT,AI Researcher,45103,USD,DE,100,CA,L,75995
2023,EN,CT,Machine Learning Engineer,65500,USD,DE,0,CA,S,31608
2023,SE,PT,AI Researcher,140336,USD,FR,100,GB,L,186672
2022,EN,CT,Data Engineer,153499,USD,DE,100,FR,M,32183
2021,SE,FT,Machine Learning Engineer,189524,USD,US,100,DE,S,162040
2022,MI,FL,Data Analyst,89393,USD,FR,50,CA,S,80015
2021,MI,PT,Machine Learning Engineer,87406,USD,GB,0,CA,M,109366
2024,MI,FT,AI Researcher,103059,USD,CA,100,DE,L,104226
2023,MI,PT,Data Scientist,187026,USD,US,50,DE,M,99094
2024,SE,FT,Machine Learning Engineer,122722,USD,GB,100,US,M,145026
2021,MI,FT,Data Analyst,52356,USD,GB,50,GB,L,89254
2021,MI,PT,Data Engineer,168128,USD,FR,100,DE,M,86920
2024,MI,FT,BI Analyst,42187,USD,IN,0,DE,L,93278
2021,SE,FT,Data Scientist,117243,USD,IN,0,IN,L,146102
2024,EX,FT,Data Engineer,75098,USD,US,100,FR,M,192146
2023,SE,CT,Machine Learning Engineer,192297,USD,IN,50,DE,L,156537
2024,MI,CT,AI Researcher,174678,USD,GB,100,GB,M,130142
2023,EN,FL,AI Researcher,97620,USD,IN,50,FR,L,54358
2024,MI,FL,Data Analyst,166270,USD,DE,100,FR,S,81668
2021,MI,FT,AI Researcher,197561,USD,IN,50,CA,L,111263
2024,EN,FL,Data Scientist,54387,USD,GB,0,CA,L,25360
2021,MI,PT,AI Researcher,109463,USD,FR,100,CA,M,108445
2024,MI,FT,Data Analyst,173663,USD,US,0,CA,L,54313
2024,MI,FT,BI Analyst,131683,USD,CA,0,IN,S,77008
2022,SE,FT,Machine Learning Engineer,102061,USD,IN,100,DE,S,150143
2021,EN,FT,Machine Learning Engineer,121257,USD,GB,100,CA,L,73889
2022,EN,FT,AI Researcher,101753,USD,CA,50,US,L,63633
2021,SE,FT,Data Engineer,124774,USD,CA,50,CA,S,137336
2022,MI,FT,Machine Learning Engineer,182159,USD,DE,0,DE,M,117838
2023,SE,PT,BI Analyst,63408,USD,CA,50,CA,S,133458
2024,MI,FL,AI Researcher,164116,USD,FR,50,IN,S,116698
2021,MI,PT,Data Analyst,171208,USD,GB,100,GB,L,60431
2021,SE,FL,BI Analyst,57413,USD,GB,50,GB,L,92390
2024,SE,FT,AI Researcher,153650,USD,IN,0,DE,S,171709
2021,SE,FT,BI Analyst,99500,USD,IN,50,GB,M,109741
2021,MI,FT,Machine Learning Engineer,124514,USD,IN,0,GB,S,109605
2022,MI,FT,Data Analyst,96358,USD,FR,100,US,S,66822
2021,MI,FL,AI Researcher,106197,USD,CA,0,DE,M,127318
2023,EN,FT,Data Scientist,116240,USD,CA,50,DE,S,45805
2023,EX,FT,Data Analyst,56322,USD,DE,100,GB,S,159144
2024,EN,CT,Data Scientist,153053,USD,FR,50,GB,L,72759
2021,EX,PT,BI Analyst,46968,USD,IN,100,GB,M,175127
2024,MI,PT,Data Engineer,67518,USD,US,100,FR,L,89099
2023,EN,FT,Data Analyst,91925,USD,DE,50,IN,L,30970
2021,MI,FT,BI Analyst,151900,USD,US,50,CA,M,67001
2021,SE,FL,Data Scientist,133422,USD,CA,100,IN,M,141240
2024,SE,CT,Machine Learning Engineer,41700,USD,DE,100,DE,S,159884
2023,SE,CT,Machine Learning Engineer,133782,USD,DE,50,US,L,179334
2021,SE,PT,Data Engineer,63199,USD,GB,0,CA,M,136671
2024,SE,FT,Data Analyst,45520,USD,CA,50,US,L,91753
2023,SE,FT,Data Analyst,149814,USD,CA,100,FR,L,138522
2024,MI,FT,Data Analyst,163364,USD,FR,50,DE,M,76799
2022,MI,FT,BI Analyst,54955,USD,DE,0,FR,S,55395
2021,MI,FT,Data Engineer,184989,USD,CA,50,DE,L,83372
2022,EX,FT,Data Analyst,104925,USD,DE,100,US,M,161663
2023,EX,FT,BI Analyst,147216,USD,FR,50,US,S,195568
2022,EN,FT,Machine Learning Engineer,110269,USD,FR,100,US,L,43378
2022,SE,FL,Data Scientist,81458,USD,GB,100,DE,M,168640
2023,EX,PT,BI Analyst,129037,USD,DE,50,GB,L,190992
2024,EN,FT,Machine Learning Engineer,192185,USD,CA,100,US,M,50570
2022,MI,FT,Machine Learning Engineer,139977,USD,CA,100,FR,M,103837
2024,EX,FT,Data Scientist,83939,USD,DE,0,CA,L,204455
2022,EN,FL,Machine Learning Engineer,69345,USD,DE,0,DE,L,56948
2024,SE,PT,Data Engineer,150107,USD,DE,0,FR,M,139451
2023,MI,FL,Data Scientist,161866,USD,IN,0,IN,S,108894
2022,EX,PT,Machine Learning Engineer,109166,USD,CA,100,IN,L,256352
2023,EX,CT,AI Researcher,137406,USD,FR,50,CA,M,248778
2022,EX,PT,BI Analyst,89298,USD,CA,100,GB,M,140490
2023,MI,FT,Machine Learning Engineer,84942,USD,IN,100,US,S,107681
2023,SE,FL,Data Engineer,43453,USD,DE,100,DE,S,144403
2022,SE,FT,Data Analyst,142811,USD,GB,50,FR,S,115741
2022,MI,CT,Machine Learning Engineer,94935,USD,DE,0,US,L,103099
2022,SE,FT,Data Analyst,162439,USD,DE,100,FR,M,113871
2021,EN,FT,AI Researcher,48328,USD,IN,100,DE,M,87731
2024,MI,FL,Machine Learning Engineer,55534,USD,CA,0,IN,M,113726
2021,MI,FT,Data Scientist,125280,USD,DE,100,US,S,93399
2021,EN,PT,Data Analyst,76320,USD,CA,50,CA,M,32497
2023,EN,FT,AI Researcher,89170,USD,US,100,GB,L,62452
2022,SE,FT,Data Scientist,140546,USD,FR,100,CA,S,178551
2024,MI,CT,Data Scientist,120201,USD,CA,0,GB,S,96250
2023,SE,CT,Data Scientist,48640,USD,GB,100,FR,S,153703
2021,EN,FL,Data Scientist,176690,USD,FR,100,US,S,47765
2022,MI,CT,Machine Learning Engineer,172992,USD,GB,50,US,L,124484
2023,MI,FL,BI Analyst,83937,USD,DE,0,GB,M,105897
2022,SE,FL,Machine Learning Engineer,183279,USD,FR,0,IN,L,174759
2023,MI,FL,Machine Learning Engineer,181871,USD,CA,50,DE,M,109241
2022,SE,PT,AI Researcher,199988,USD,FR,100,CA,L,182551
2021,SE,FT,AI Researcher,110463,USD,DE,0,FR,S,146235
2024,SE,FL,BI Analyst,133500,USD,IN,0,CA,S,130177
2021,MI,FL,AI Researcher,77158,USD,GB,100,CA,L,119012
2024,EN,FT,Data Engineer,124607,USD,DE,100,FR,L,56425
2022,SE,FT,BI Analyst,159639,USD,IN,0,FR,M,108328
2023,EN,FL,AI Researcher,111696,USD,FR,100,US,L,59233
2021,SE,PT,BI Analyst,101510,USD,FR,0,CA,L,112834
2024,MI,CT,Machine Learning Engineer,160076,USD,DE,100,DE,M,123324
2021,EX,CT,Machine Learning Engineer,98692,USD,CA,100,DE,M,234318
2024,SE,FT,BI Analyst,170841,USD,FR,50,GB,M,150239
2021,EX,FT,Data Engineer,55810,USD,CA,100,FR,L,206462
2024,MI,CT,Data Engineer,176198,USD,CA,50,US,M,70864
2024,SE,CT,BI Analyst,151718,USD,CA,100,DE,S,117071
2022,MI,PT,AI Researcher,130932,USD,US,0,IN,S,107224
2024,MI,FT,Data Analyst,40192,USD,IN,0,US,S,39084
2022,SE,FT,Data Engineer,76413,USD,IN,100,US,L,163992
2024,SE,FT,Data Scientist,183888,USD,FR,100,DE,S,164547
2023,EX,PT,Machine Learning Engineer,79082,USD,FR,0,IN,L,247998
2023,SE,CT,BI Analyst,105048,USD,CA,100,GB,L,121481
2023,MI,FL,Data Scientist,163130,USD,US,50,DE,S,78269
2024,MI,FT,BI Analyst,90940,USD,CA,50,IN,M,69245
2022,SE,CT,Machine Learning Engineer,80142,USD,US,50,US,L,180626
2022,MI,CT,Machine Learning Engineer,76468,USD,CA,50,IN,S,92231
2024,EN,FT,Data Engineer,181727,USD,GB,50,US,L,12023
2023,MI,FT,Data Engineer,180431,USD,GB,100,DE,M,86593
2023,MI,FL,Data Scientist,169048,USD,DE,100,FR,M,96873
2022,MI,FT,BI Analyst,82056,USD,CA,50,DE,S,78533
2023,MI,CT,Machine Learning Engineer,91831,USD,FR,100,CA,L,118927
2021,EN,FL,Data Scientist,99191,USD,IN,100,CA,L,64564
2022,EN,PT,Data Analyst,161948,USD,DE,50,CA,L,43881
2023,EX,FT,Data Scientist,148117,USD,FR,100,DE,L,237932
2022,MI,CT,AI Researcher,54671,USD,GB,100,GB,S,94215
2021,MI,FT,Data Scientist,67048,USD,CA,100,DE,M,106568
2022,SE,FT,AI Researcher,65963,USD,DE,50,FR,S,191398
2022,MI,FT,AI Researcher,83954,USD,CA,100,IN,L,98406
2022,EX,PT,AI Researcher,135430,USD,GB,0,DE,L,237456
2022,SE,CT,Data Analyst,40717,USD,DE,0,DE,M,100810
2021,EN,FT,Data Scientist,51676,USD,GB,50,US,L,45076
2024,MI,FT,Data Scientist,175506,USD,US,0,US,S,110301
2022,SE,PT,Data Analyst,158696,USD,GB,50,US,S,102781
2022,EX,FT,Machine Learning Engineer,170830,USD,CA,0,DE,M,227154
2023,MI,FT,Data Engineer,44994,USD,IN,0,GB,S,80825
2022,SE,FT,Data Scientist,44234,USD,GB,0,IN,S,170779
2023,EN,FT,Data Engineer,109300,USD,FR,50,IN,S,50195
2024,EX,FT,BI Analyst,83949,USD,IN,50,FR,S,167311
2021,MI,FT,BI Analyst,77405,USD,US,100,GB,L,74849
2021,EX,CT,Data Analyst,74872,USD,DE,50,GB,S,179380
2024,SE,FL,BI Analyst,82215,USD,DE,0,IN,M,107762
2021,SE,FT,BI Analyst,63185,USD,IN,0,CA,M,138732
2024,MI,FT,Machine Learning Engineer,81153,USD,DE,50,US,S,111157
2024,MI,FT,Machine Learning Engineer,117535,USD,GB,50,US,M,105593
2024,EN,FT,Machine Learning Engineer,173653,USD,IN,50,IN,S,97513
2021,MI,CT,BI Analyst,91717,USD,CA,100,GB,M,60665
2023,EN,FT,Data Analyst,42763,USD,GB,0,FR,M,34694
2024,SE,PT,AI Researcher,132910,USD,GB,100,CA,S,163513
2022,MI,PT,AI Researcher,95480,USD,GB,100,IN,S,131286
2021,EN,FL,Data Engineer,158094,USD,CA,0,US,L,75337
2024,EX,FT,AI Researcher,196379,USD,US,0,DE,S,285048
2024,SE,FT,AI Researcher,51064,USD,FR,50,GB,S,200359
2022,EX,FT,Machine Learning Engineer,116848,USD,DE,50,DE,L,237035
2023,EX,FL,Machine Learning Engineer,77548,USD,IN,100,FR,S,234521
2023,EN,PT,BI Analyst,46476,USD,US,50,IN,S,17432
2023,MI,FT,Data Engineer,130101,USD,IN,50,US,L,120538
2024,SE,FL,Data Scientist,42382,USD,DE,0,CA,S,161034
2024,SE,FL,Data Engineer,198018,USD,CA,0,DE,S,132620
2024,EN,FT,Data Engineer,119698,USD,GB,50,CA,L,69920
2021,SE,FT,Data Analyst,193407,USD,GB,0,FR,L,97408
2022,MI,CT,BI Analyst,85095,USD,CA,50,US,M,82599
2024,MI,FT,Data Analyst,169974,USD,US,0,DE,S,69410
2022,MI,PT,Data Engineer,67197,USD,US,0,FR,M,99580
2022,MI,FT,Data Engineer,167619,USD,IN,0,CA,M,89046
2023,MI,FT,Data Engineer,62010,USD,CA,0,CA,L,68236
2021,EN,FL,AI Researcher,195195,USD,US,50,DE,S,66133
2024,SE,FT,Data Analyst,127923,USD,CA,100,US,S,127732
2023,MI,CT,Data Engineer,173962,USD,DE,0,CA,L,89561
2023,EN,FT,Machine Learning Engineer,170526,USD,GB,50,IN,M,71626
2024,SE,PT,BI Analyst,149162,USD,GB,50,FR,L,103317
2022,EX,CT,BI Analyst,160927,USD,GB,0,DE,S,169606
2023,SE,PT,Machine Learning Engineer,48026,USD,CA,100,GB,L,158632
2022,SE,PT,BI Analyst,104925,USD,CA,0,GB,S,130204
2021,SE,FT,AI Researcher,108842,USD,IN,50,US,M,182472
2022,MI,FL,AI Researcher,73665,USD,GB,100,IN,S,127351
2021,EN,FT,Data Scientist,49277,USD,IN,50,CA,M,71315
2022,MI,FT,Data Scientist,88008,USD,GB,0,GB,M,109374
2023,MI,CT,Data Scientist,54683,USD,IN,100,US,S,103096
2023,MI,FL,BI Analyst,171742,USD,IN,50,FR,S,61526
2021,SE,CT,AI Researcher,188961,USD,DE,50,IN,M,181958
2024,MI,FL,AI Researcher,118542,USD,IN,50,IN,L,109003
2021,EN,CT,AI Researcher,94319,USD,CA,0,US,S,59839
2021,MI,FT,Machine Learning Engineer,132067,USD,IN,100,US,M,102381
2022,SE,FL,AI Researcher,192711,USD,GB,0,CA,M,167301
2022,EN,FL,Machine Learning Engineer,187705,USD,IN,0,US,L,30639
2021,SE,PT,Data Scientist,108975,USD,US,0,CA,S,143977
2023,MI,PT,Data Scientist,141158,USD,FR,100,CA,M,101900
2022,MI,FT,BI Analyst,51577,USD,GB,0,DE,L,56277
2024,MI,CT,Data Scientist,117299,USD,US,0,IN,M,99235
2022,SE,PT,BI Analyst,60176,USD,GB,0,FR,S,147504
2022,MI,FT,Data Engineer,103972,USD,CA,0,IN,L,105345
2024,SE,PT,Data Engineer,160018,USD,FR,50,IN,M,164653
2021,MI,CT,Data Analyst,59996,USD,FR,0,DE,L,77866
2024,MI,FL,BI Analyst,140922,USD,CA,50,CA,S,94012
2021,SE,FT,Data Analyst,126598,USD,FR,0,CA,L,101140
2021,SE,CT,Data Analyst,75931,USD,CA,100,US,S,102334
2021,SE,FT,Data Engineer,164168,USD,US,50,DE,M,98912
2024,SE,PT,BI Analyst,163099,USD,DE,50,US,S,136792
2021,SE,PT,Data Engineer,74693,USD,GB,50,DE,M,163104
2023,SE,FL,Data Analyst,148944,USD,CA,50,US,M,103702
2024,SE,FT,BI Analyst,57374,USD,GB,100,GB,S,115190
2023,SE,FL,Data Analyst,121471,USD,US,0,IN,M,100692
2021,SE,FT,AI Researcher,85913,USD,DE,50,IN,L,187739
2022,SE,FT,BI Analyst,163683,USD,US,100,FR,M,135873
2021,SE,PT,BI Analyst,84516,USD,FR,50,CA,S,92858
2023,EN,PT,Data Analyst,127796,USD,GB,0,FR,L,46141
2023,SE,FT,AI Researcher,66069,USD,DE,50,GB,L,177849
2024,SE,FT,Machine Learning Engineer,158333,USD,FR,100,FR,M,169700
2022,EN,FL,Data Engineer,124811,USD,DE,0,IN,M,56884
2024,SE,FT,Data Analyst,158028,USD,FR,100,CA,S,109176
2023,EN,FL,BI Analyst,79178,USD,US,0,GB,L,40946
2021,MI,CT,Data Engineer,72821,USD,CA,0,IN,S,86791
2022,SE,PT,Data Engineer,56999,USD,GB,0,US,M,154554
2021,EN,FL,Data Engineer,78712,USD,IN,50,DE,L,56281
2021,SE,FT,Machine Learning Engineer,73722,USD,IN,100,GB,S,171308
2022,SE,FL,Data Scientist,50625,USD,US,100,CA,S,134935
2024,MI,CT,Data Analyst,46859,USD,GB,100,FR,S,66321
2021,EN,PT,Data Scientist,150986,USD,GB,0,FR,S,68480
2023,MI,FT,Data Scientist,61839,USD,US,50,GB,S,99565
2021,SE,CT,Data Scientist,67216,USD,GB,0,CA,L,163892
2022,EX,PT,Data Engineer,92953,USD,CA,100,GB,S,226497
2022,SE,FL,AI Researcher,89522,USD,US,50,CA,L,197579
2022,MI,FT,Data Engineer,175958,USD,CA,50,FR,S,91397
2024,SE,FT,Data Engineer,151249,USD,GB,50,IN,M,132335
2021,MI,FT,BI Analyst,47485,USD,US,100,US,M,38196
2024,SE,PT,BI Analyst,187839,USD,GB,50,IN,S,116474
2024,EN,FT,Data Scientist,152701,USD,US,50,US,M,50109
2022,SE,FT,Data Engineer,199525,USD,GB,0,FR,L,145855
2022,MI,PT,Data Scientist,142638,USD,CA,0,IN,S,96691
2024,EX,FT,BI Analyst,52226,USD,CA,50,IN,L,165194
2021,MI,FT,AI Researcher,133405,USD,GB,50,GB,S,90309
2023,SE,FT,Data Analyst,62588,USD,US,0,DE,M,97900
2024,EX,PT,Data Scientist,77019,USD,IN,0,FR,L,227149
2021,EN,FL,AI Researcher,105133,USD,CA,0,CA,M,90738
2022,EX,CT,Data Analyst,154444,USD,CA,100,FR,M,158537
2022,SE,FT,Machine Learning Engineer,157603,USD,FR,100,CA,S,172917
2021,EN,FT,Data Scientist,198598,USD,IN,0,CA,L,69287
2023,MI,FL,Data Scientist,168585,USD,GB,50,US,M,86836
2022,SE,PT,Machine Learning Engineer,83395,USD,US,0,CA,S,173502
2022,EN,PT,Machine Learning Engineer,195103,USD,FR,100,CA,S,48892
2022,MI,FT,Data Scientist,165814,USD,GB,50,GB,S,111972
2021,MI,FL,Machine Learning Engineer,152599,USD,DE,100,IN,M,110271
2024,SE,FL,Data Engineer,65939,USD,CA,50,FR,S,144476
2022,EN,PT,Data Analyst,191396,USD,DE,100,FR,L,28261
2024,SE,FT,Data Analyst,193939,USD,CA,50,CA,L,122605
2023,EX,FT,Data Analyst,40203,USD,CA,50,DE,M,191270
2022,EX,FT,Data Engineer,187616,USD,DE,50,FR,L,184881
2022,SE,CT,Machine Learning Engineer,186971,USD,DE,50,CA,S,162903
2023,EN,FT,AI Researcher,69063,USD,GB,100,US,M,68474
2022,SE,PT,Machine Learning Engineer,130880,USD,FR,100,US,S,179796
2024,EN,CT,Data Scientist,43748,USD,FR,50,US,M,46606
2021,EN,FT,BI Analyst,157269,USD,DE,50,CA,M,4
2024,MI,FT,Data Analyst,120764,USD,GB,100,GB,S,92387
2021,MI,FT,Machine Learning Engineer,191956,USD,FR,50,DE,L,119407
2021,SE,CT,AI Researcher,196255,USD,GB,50,CA,L,155855
2024,SE,FT,Data Scientist,148036,USD,GB,50,GB,M,144886
2024,MI,FT,Data Engineer,190331,USD,CA,0,GB,S,113522
2024,MI,FL,Data Engineer,156525,USD,FR,50,FR,S,111716
2024,EX,FL,AI Researcher,125679,USD,FR,0,CA,M,274079
2023,MI,FL,Data Scientist,165829,USD,CA,50,CA,L,96358
2022,MI,CT,Data Analyst,168216,USD,DE,100,GB,S,73244
2021,EN,FL,Machine Learning Engineer,173175,USD,CA,0,GB,L,58036
2024,SE,FT,Data Scientist,105901,USD,FR,0,GB,L,170923
2024,SE,FT,Data Engineer,187175,USD,FR,50,FR,M,126862
2024,MI,CT,AI Researcher,138046,USD,DE,50,CA,M,104913
2023,EN,FT,AI Researcher,130012,USD,CA,0,GB,L,80154
2024,SE,CT,Machine Learning Engineer,118278,USD,US,100,US,S,167334
2024,SE,FT,AI Researcher,52391,USD,US,100,CA,S,202677
2024,MI,FT,AI Researcher,142476,USD,DE,50,FR,M,106927
2022,EX,FT,Data Scientist,199973,USD,CA,100,US,L,219178
2023,EN,FL,Data Analyst,160721,USD,CA,100,IN,S,26163
2024,MI,FT,Machine Learning Engineer,137537,USD,GB,50,CA,S,108110
2021,EX,FT,Data Scientist,121159,USD,FR,100,IN,M,197821
2021,MI,CT,Data Analyst,171040,USD,IN,50,GB,L,64685
2021,SE,CT,Data Scientist,75503,USD,DE,0,FR,S,132456
2023,MI,CT,BI Analyst,115403,USD,IN,50,GB,M,86908
2023,MI,PT,Data Scientist,104286,USD,IN,0,FR,S,109748
2021,EX,FT,AI Researcher,114842,USD,DE,0,DE,S,234046
2024,MI,CT,Data Analyst,144927,USD,CA,100,GB,S,92008
2023,SE,FT,Machine Learning Engineer,54908,USD,DE,100,IN,M,205461
2021,MI,CT,Machine Learning Engineer,77228,USD,IN,100,FR,L,108690
2021,MI,PT,Data Analyst,63386,USD,FR,50,GB,M,62383
2024,EN,FL,AI Researcher,68302,USD,FR,100,CA,L,107364
2022,SE,FT,Data Engineer,100815,USD,FR,0,FR,S,120215
2023,MI,PT,Data Scientist,103344,USD,CA,100,FR,L,99301
2024,SE,FL,AI Researcher,151603,USD,US,100,GB,S,184694
2021,MI,FT,BI Analyst,101114,USD,DE,50,DE,S,96677
2021,EX,FT,Data Analyst,65525,USD,FR,50,GB,M,165396
2024,EN,FT,Data Scientist,119818,USD,DE,0,IN,S,47520
2023,SE,FT,Machine Learning Engineer,154589,USD,FR,50,IN,M,153732
2022,SE,PT,Data Engineer,185406,USD,CA,100,FR,L,134872
2022,SE,FL,BI Analyst,134715,USD,US,50,FR,L,103896
2021,SE,FT,Machine Learning Engineer,46644,USD,US,0,GB,S,168717
2023,SE,FL,Data Analyst,141154,USD,FR,100,IN,M,103537
2022,SE,FL,Data Scientist,83469,USD,CA,0,IN,S,131589
2023,EN,PT,Data Analyst,146609,USD,GB,50,DE,M,58827
2023,EN,PT,Data Scientist,188447,USD,DE,50,CA,M,47534
2021,EX,PT,AI Researcher,105206,USD,DE,0,DE,M,240977
2022,SE,FT,Data Engineer,136462,USD,IN,100,US,L,137476
2024,SE,PT,AI Researcher,123178,USD,CA,50,DE,M,183025
2021,MI,FT,AI Researcher,195065,USD,IN,50,GB,L,90802
2022,EN,PT,Data Analyst,126724,USD,FR,100,CA,M,44974
2022,EN,CT,Data Engineer,136393,USD,IN,50,GB,L,34292
2022,SE,FL,Data Scientist,167314,USD,US,0,US,L,179665
2022,MI,PT,Data Scientist,116312,USD,DE,50,CA,L,106859
2022,MI,FT,BI Analyst,115324,USD,IN,50,FR,S,70501
2023,MI,FL,Machine Learning Engineer,111196,USD,US,100,IN,M,96822
2021,EN,FL,BI Analyst,110014,USD,CA,0,DE,S,40925
2023,MI,PT,BI Analyst,179282,USD,IN,100,GB,M,85691
2024,MI,FT,Data Scientist,181994,USD,FR,50,US,M,98617
2022,SE,PT,Data Analyst,73340,USD,FR,50,IN,S,108742
2021,MI,FL,AI Researcher,79850,USD,FR,100,DE,L,117875
2022,MI,FT,AI Researcher,153711,USD,DE,100,IN,M,107942
2021,EN,FL,AI Researcher,51094,USD,IN,100,DE,L,59851
2023,EN,FT,Data Engineer,127959,USD,CA,0,FR,S,18713
2021,MI,FT,Data Scientist,45741,USD,IN,50,CA,L,113605
2024,MI,CT,Data Analyst,151585,USD,DE,100,IN,M,76481
2024,SE,FL,Data Engineer,162564,USD,US,50,IN,M,128398
2021,MI,PT,Machine Learning Engineer,108798,USD,DE,0,IN,M,136481
2021,SE,FT,Data Analyst,156026,USD,FR,0,CA,S,113305
2021,SE,CT,BI Analyst,150130,USD,US,0,US,M,103457
2021,SE,PT,Data Analyst,62164,USD,FR,0,DE,S,124851
2024,EN,FT,Data Analyst,70257,USD,GB,50,FR,L,45970
2022,MI,PT,AI Researcher,185283,USD,DE,0,IN,M,122918
2021,EN,FT,Data Analyst,135989,USD,DE,0,CA,M,33613
2021,MI,FT,BI Analyst,176304,USD,CA,100,US,M,83257
2024,EX,FT,BI Analyst,92691,USD,IN,0,DE,L,166073
2024,EN,FT,Data Scientist,119768,USD,US,100,CA,M,63339
2023,MI,CT,Data Analyst,196685,USD,US,0,FR,S,43425
2021,SE,PT,AI Researcher,54026,USD,CA,0,FR,L,175491
2023,SE,FT,Data Analyst,70908,USD,CA,100,DE,L,137832
2024,MI,FT,Machine Learning Engineer,59610,USD,IN,0,IN,L,96493
2024,EN,FT,Machine Learning Engineer,103185,USD,FR,50,FR,L,50942
2022,MI,FL,AI Researcher,112567,USD,IN,50,US,L,110280
2021,MI,FT,Data Scientist,76182,USD,DE,0,CA,S,80777
2023,EN,FT,Data Scientist,156136,USD,FR,50,US,L,21875
2024,MI,PT,BI Analyst,171642,USD,GB,100,IN,M,73041
2024,EN,CT,BI Analyst,59288,USD,IN,0,US,L,44537
2023,EN,FT,Data Engineer,118824,USD,CA,0,US,L,49212
2022,MI,FT,AI Researcher,124425,USD,FR,100,GB,L,114826
2024,EN,PT,Data Analyst,40917,USD,IN,100,US,L,40645
2021,MI,FL,AI Researcher,115602,USD,US,100,DE,L,132342
2024,SE,FT,Data Engineer,104575,USD,GB,0,CA,S,137143
2021,SE,CT,BI Analyst,112518,USD,DE,100,GB,S,110388
2023,MI,FT,AI Researcher,79104,USD,US,100,CA,L,112783
2021,EN,CT,AI Researcher,189134,USD,US,50,CA,S,73690
2023,EN,FT,BI Analyst,56999,USD,GB,50,IN,M,63680
2021,SE,CT,Data Engineer,181013,USD,DE,0,IN,L,130577
2023,SE,FT,BI Analyst,101169,USD,CA,50,GB,M,120484
2021,EN,FT,Data Scientist,194542,USD,FR,50,FR,M,60075
2022,EX,CT,Data Analyst,169744,USD,DE,100,IN,L,145111
2021,EN,FT,BI Analyst,150684,USD,IN,100,IN,M,42806
2021,MI,FT,Data Engineer,99821,USD,US,50,IN,M,68014
2022,SE,FT,Machine Learning Engineer,175601,USD,IN,50,CA,M,141464
2024,SE,FT,Data Scientist,52192,USD,CA,50,GB,L,159501
2024,SE,CT,Machine Learning Engineer,114102,USD,IN,0,CA,L,162241
2021,SE,PT,BI Analyst,154894,USD,DE,0,DE,M,122034
2022,MI,FT,Data Scientist,126795,USD,IN,0,CA,L,98731
2021,SE,CT,Data Analyst,106677,USD,CA,50,DE,L,97353
2023,EN,FT,BI Analyst,175699,USD,CA,50,US,M,41821
2023,SE,FT,Data Analyst,174327,USD,CA,0,US,L,93503
2021,MI,FT,AI Researcher,176285,USD,DE,0,DE,S,137864
2024,SE,CT,Machine Learning Engineer,142412,USD,CA,50,DE,L,147660
2024,MI,PT,Data Scientist,59404,USD,US,100,CA,S,96063
2021,SE,FT,Data Analyst,156545,USD,CA,0,DE,M,96365
2021,MI,FT,Data Engineer,196452,USD,IN,50,GB,L,98556
2023,SE,FL,Data Analyst,190245,USD,FR,50,US,M,107028
2024,EN,FT,Data Engineer,63989,USD,IN,100,US,M,42219
2021,EN,FT,BI Analyst,148106,USD,FR,50,FR,M,55298
2023,MI,CT,Data Scientist,64519,USD,IN,50,DE,M,99441
2024,EN,CT,Data Analyst,62439,USD,DE,0,IN,M,47749
2022,SE,FT,Data Analyst,158570,USD,IN,0,IN,L,97280
2023,MI,PT,Data Scientist,54995,USD,DE,100,DE,S,77927
2024,EX,FT,Data Analyst,63559,USD,DE,100,GB,L,161608
2024,MI,FT,Data Engineer,129049,USD,CA,50,IN,L,85217
2023,EN,FT,Data Analyst,176093,USD,US,0,FR,L,49396
2022,SE,FL,Machine Learning Engineer,138000,USD,FR,100,DE,L,166801
2023,SE,FT,BI Analyst,192191,USD,CA,100,GB,S,122076
2024,MI,FT,AI Researcher,79350,USD,CA,100,GB,L,92649
2021,MI,FT,Data Engineer,65517,USD,DE,50,CA,M,118326
2021,SE,FL,Machine Learning Engineer,193322,USD,DE,0,GB,L,165536
2023,MI,FL,BI Analyst,129132,USD,FR,100,IN,L,86963
2024,EX,FL,Data Scientist,99546,USD,IN,0,IN,S,207458
2021,EX,FT,Data Engineer,145686,USD,IN,100,DE,S,204620
2024,SE,FT,AI Researcher,128151,USD,CA,100,DE,M,162457
2023,EN,FT,BI Analyst,43327,USD,GB,0,GB,L,49281
2021,SE,CT,AI Researcher,160318,USD,GB,0,FR,L,176660
2024,EN,CT,Data Scientist,155945,USD,IN,0,US,L,55437
2021,EN,FT,Data Scientist,86830,USD,GB,50,CA,M,65469
2023,MI,FL,Data Engineer,92446,USD,IN,100,US,S,71511
2024,MI,FT,Data Analyst,186232,USD,DE,50,GB,M,61732
2021,SE,FT,Data Scientist,198302,USD,CA,0,GB,L,160859
2023,SE,FT,BI Analyst,180148,USD,US,100,US,S,150473
2021,SE,FT,Data Analyst,109341,USD,CA,50,CA,S,109928
2021,MI,FT,Machine Learning Engineer,71085,USD,IN,100,US,M,116867
2022,MI,CT,AI Researcher,95571,USD,IN,50,DE,S,115395
2022,MI,FL,Data Analyst,185787,USD,CA,0,IN,S,101133
2023,EX,PT,AI Researcher,168308,USD,FR,50,FR,L,233791
2022,EN,FL,Data Analyst,45750,USD,IN,100,DE,L,41419
2023,SE,PT,Machine Learning Engineer,153931,USD,GB,100,IN,S,143616
2022,MI,FT,Data Scientist,118768,USD,GB,100,FR,S,61401
2021,MI,FT,Machine Learning Engineer,75903,USD,IN,100,FR,M,112461
2023,SE,FT,Data Scientist,131036,USD,IN,0,FR,M,156092
2023,MI,FT,Data Scientist,127954,USD,FR,50,GB,S,94727
2021,SE,FT,AI Researcher,123014,USD,GB,0,FR,L,180407
2023,EX,CT,BI Analyst,157305,USD,IN,0,CA,S,216474
2023,MI,PT,Machine Learning Engineer,196410,USD,IN,0,US,S,104127
2022,MI,FT,Data Analyst,72101,USD,FR,100,CA,L,79651
2023,MI,PT,Machine Learning Engineer,42775,USD,FR,100,US,L,98259
2024,EX,FL,AI Researcher,151497,USD,CA,100,DE,M,264428
2021,MI,PT,Data Scientist,85619,USD,FR,50,DE,M,95426
2022,SE,FL,AI Researcher,190611,USD,US,100,US,M,175842
2022,SE,CT,Data Engineer,97124,USD,GB,50,CA,M,167283
2024,SE,FL,Data Engineer,105149,USD,CA,100,US,L,157657
2021,EN,PT,Data Analyst,66616,USD,US,100,FR,S,42051
2021,SE,PT,AI Researcher,101799,USD,IN,0,GB,M,147436
2022,EX,FL,Data Analyst,130221,USD,IN,0,DE,M,154584
2023,EN,FT,Data Analyst,154879,USD,CA,0,GB,L,80545
2022,MI,CT,Data Engineer,65479,USD,FR,50,FR,L,86540
2021,EX,FT,Data Analyst,139165,USD,IN,50,FR,S,176548
2024,EN,FT,Data Engineer,95863,USD,DE,100,DE,S,71629
2022,SE,PT,Data Scientist,122569,USD,CA,50,DE,L,157284
2021,MI,FT,AI Researcher,186480,USD,US,100,FR,M,104372
2022,MI,FT,Data Analyst,56351,USD,CA,50,IN,M,35470
2023,SE,FT,Data Engineer,175203,USD,GB,50,GB,M,150262
2022,MI,FT,Machine Learning Engineer,84825,USD,FR,50,GB,S,95778
2022,MI,FL,Data Analyst,51349,USD,FR,0,IN,M,74642
2021,MI,FT,BI Analyst,84254,USD,CA,50,CA,M,57752
2021,MI,PT,Data Scientist,78225,USD,IN,0,GB,L,95021
2021,EN,FT,Data Scientist,52453,USD,IN,0,US,M,55505
2022,MI,FT,Machine Learning Engineer,189886,USD,DE,50,FR,L,112028
2023,EX,PT,Data Engineer,189335,USD,DE,100,FR,M,183277
2024,MI,FT,Data Analyst,117694,USD,FR,100,IN,S,89953
2024,SE,FL,Data Engineer,55735,USD,DE,100,GB,M,131046
2021,MI,PT,Data Scientist,186902,USD,US,50,CA,M,73882
2021,SE,FT,Data Engineer,87893,USD,DE,100,GB,L,138364
2022,EN,FT,Data Scientist,167006,USD,US,0,FR,L,55515
2024,EX,FT,Data Engineer,85066,USD,DE,100,DE,L,202408
2021,MI,FT,Machine Learning Engineer,174445,USD,FR,50,US,M,128431
2023,MI,FT,AI Researcher,181407,USD,FR,100,IN,M,113453
2023,EN,CT,Machine Learning Engineer,194813,USD,US,0,DE,S,58205
2021,EN,FT,Machine Learning Engineer,50692,USD,CA,50,CA,M,43452
2021,MI,FT,AI Researcher,85541,USD,FR,100,DE,S,129308
2024,MI,PT,AI Researcher,106983,USD,CA,50,DE,L,119764
2024,SE,FT,Data Analyst,190655,USD,IN,50,CA,L,105699
2022,MI,PT,Data Analyst,193837,USD,US,50,DE,L,43429
2024,MI,PT,Machine Learning Engineer,194978,USD,FR,100,IN,S,129666
2023,SE,FT,Machine Learning Engineer,160747,USD,GB,50,FR,M,149584
2023,SE,PT,Data Scientist,125103,USD,IN,100,GB,L,145130
2021,EN,CT,Data Scientist,190592,USD,CA,0,DE,M,60375
2024,EN,CT,Data Analyst,65566,USD,FR,100,IN,M,22051
2022,EN,FT,BI Analyst,113193,USD,US,0,GB,L,20097
2023,SE,FL,BI Analyst,181417,USD,DE,100,GB,S,87140
2023,SE,FT,Data Analyst,161015,USD,GB,50,DE,M,122814
2022,MI,FT,Data Scientist,170956,USD,CA,100,IN,L,90822
2022,SE,PT,Data Scientist,110744,USD,IN,50,FR,M,197909
2023,SE,PT,BI Analyst,73455,USD,US,0,DE,M,104084
2023,MI,FL,Data Engineer,199090,USD,GB,100,CA,M,76178
2022,SE,PT,Data Engineer,94219,USD,US,50,GB,M,131519
2023,MI,FT,Data Scientist,85991,USD,FR,0,DE,M,102647
2021,EN,FT,Data Engineer,113616,USD,DE,0,GB,S,42946
2021,MI,CT,AI Researcher,127438,USD,IN,100,IN,S,126184
2022,EN,FT,Data Analyst,156841,USD,US,0,US,L,25321
2024,MI,FT,Data Analyst,180558,USD,CA,50,DE,S,51276
2022,EX,FT,Data Scientist,98870,USD,FR,0,FR,S,193026
2022,EN,FT,Machine Learning Engineer,126694,USD,FR,0,DE,S,26646
2024,EN,FL,BI Analyst,83856,USD,IN,50,GB,M,34728
2024,MI,FT,Data Scientist,141407,USD,FR,0,IN,M,94485
2024,EX,PT,Data Engineer,71379,USD,CA,0,CA,L,190528
2021,MI,FT,BI Analyst,104729,USD,US,0,FR,L,95151
2023,MI,CT,Machine Learning Engineer,199450,USD,IN,0,IN,L,126420
2021,EN,PT,Data Engineer,94353,USD,FR,50,DE,M,44977
2023,EN,FT,AI Researcher,54031,USD,FR,0,CA,S,38091
2021,EX,CT,Data Engineer,105982,USD,CA,50,IN,S,191499
2023,EX,PT,AI Researcher,76683,USD,DE,0,US,M,251002
2021,EN,FL,BI Analyst,154091,USD,DE,0,FR,L,32642
2024,EX,FL,AI Researcher,157797,USD,FR,0,GB,L,249534
2022,SE,FL,BI Analyst,188690,USD,US,0,IN,L,109198
2021,SE,FL,BI Analyst,46587,USD,IN,50,IN,M,113201
2023,MI,FT,BI Analyst,102790,USD,FR,50,US,L,66966
2024,MI,FT,BI Analyst,71480,USD,GB,50,DE,L,79624
2021,MI,PT,BI Analyst,191599,USD,IN,100,FR,M,81905
2021,SE,FT,Data Engineer,63569,USD,DE,0,FR,S,126340
2024,EN,FL,BI Analyst,51151,USD,FR,0,GB,M,61565
2021,EN,FT,Data Engineer,84739,USD,CA,50,IN,M,35299
2022,MI,CT,BI Analyst,72954,USD,GB,100,CA,M,52232
2021,SE,CT,AI Researcher,149373,USD,FR,0,IN,M,187711
2022,MI,CT,BI Analyst,74700,USD,US,50,GB,S,64238
2022,SE,FL,Machine Learning Engineer,163728,USD,GB,0,IN,L,172819
2024,EX,CT,BI Analyst,106788,USD,FR,0,US,M,133944
2021,EN,FT,BI Analyst,111045,USD,US,50,IN,S,63386
2024,SE,PT,AI Researcher,184972,USD,GB,50,IN,L,192084
2021,MI,PT,Data Analyst,167992,USD,US,0,CA,L,49492
2021,SE,FL,AI Researcher,120059,USD,US,0,US,L,159818
2023,EN,FT,Machine Learning Engineer,41881,USD,GB,50,US,M,85083
2021,SE,FT,Data Analyst,172702,USD,GB,0,IN,M,100939
2024,SE,FT,Data Scientist,60789,USD,US,0,FR,L,141487
2022,EX,CT,Data Scientist,166083,USD,DE,50,CA,L,186009
2021,SE,FT,Machine Learning Engineer,128059,USD,GB,0,IN,L,162738
2023,MI,FT,AI Researcher,86151,USD,FR,0,IN,L,113584
2024,SE,FT,Data Engineer,149388,USD,IN,100,GB,L,150732
2021,SE,PT,Machine Learning Engineer,43262,USD,CA,50,GB,L,147013
2024,MI,FT,Data Analyst,106981,USD,US,100,FR,S,49195
2023,EN,PT,Data Analyst,160951,USD,US,100,CA,L,46764
2023,EX,FT,BI Analyst,163099,USD,CA,100,DE,M,185100
2024,SE,FT,Data Scientist,121972,USD,DE,0,GB,M,130432
2021,SE,FL,Data Analyst,115485,USD,CA,0,DE,M,128222
2022,MI,FL,Machine Learning Engineer,94722,USD,GB,100,US,L,108563
2023,SE,CT,Data Analyst,129499,USD,CA,100,GB,M,128377
2021,MI,FT,Machine Learning Engineer,46901,USD,US,100,GB,S,106946
2021,SE,CT,Data Engineer,157473,USD,CA,0,CA,L,102165
2022,EN,PT,BI Analyst,48597,USD,IN,100,FR,M,40220
2023,SE,CT,Data Scientist,169631,USD,FR,100,DE,S,169902
2023,EX,FT,Data Analyst,103909,USD,GB,50,GB,S,146593
2021,EN,PT,Machine Learning Engineer,112391,USD,CA,50,GB,M,54180
2021,EX,FL,AI Researcher,179335,USD,US,0,CA,S,257357
2022,MI,FT,Data Scientist,103293,USD,FR,50,CA,M,55507
2022,SE,FL,Data Engineer,196877,USD,GB,50,FR,S,165070
2023,SE,FT,Machine Learning Engineer,51874,USD,US,50,DE,L,154479
2024,MI,PT,BI Analyst,126402,USD,DE,0,US,L,84086
2023,SE,PT,BI Analyst,54079,USD,IN,50,FR,L,117699
2021,SE,FT,Data Engineer,112779,USD,DE,0,US,L,158864
2023,MI,FT,Data Engineer,135408,USD,IN,100,IN,L,96090
2024,MI,FT,BI Analyst,180090,USD,CA,50,GB,M,72976
2022,SE,PT,Data Analyst,160606,USD,GB,0,DE,L,98597
2024,SE,PT,Data Analyst,160062,USD,CA,50,FR,L,123967
2024,SE,FT,Machine Learning Engineer,52100,USD,IN,100,GB,L,139898
2024,SE,CT,AI Researcher,97021,USD,IN,0,DE,L,191688
2022,MI,FT,Machine Learning Engineer,190872,USD,IN,0,DE,S,91514
2024,SE,FL,AI Researcher,168126,USD,FR,0,DE,L,200784
2024,EN,FT,Data Engineer,132446,USD,US,100,GB,L,52419
2024,MI,PT,Data Scientist,69437,USD,GB,100,FR,M,108661
2021,EN,PT,Machine Learning Engineer,191014,USD,CA,100,CA,S,61229
2024,MI,FL,Machine Learning Engineer,60862,USD,CA,0,GB,M,81714
2022,MI,FT,AI Researcher,51669,USD,DE,100,DE,L,104089
2024,MI,CT,Data Engineer,161219,USD,IN,50,FR,M,100085
2024,SE,PT,Data Engineer,55916,USD,IN,100,IN,M,142499
2022,MI,FT,AI Researcher,50878,USD,IN,0,US,L,134714
2024,MI,FL,Data Engineer,42985,USD,CA,50,DE,S,96049
2022,MI,FT,BI Analyst,81235,USD,DE,100,IN,S,61999
2024,MI,CT,Data Analyst,58931,USD,US,50,CA,M,60059
2022,MI,FT,BI Analyst,132876,USD,FR,50,DE,L,78043
2024,EN,PT,Data Scientist,40336,USD,GB,0,IN,M,20289
2024,SE,FT,Machine Learning Engineer,82933,USD,US,50,DE,M,193101
2021,SE,FT,Data Scientist,85536,USD,CA,50,GB,M,160626
2021,SE,FT,Machine Learning Engineer,109504,USD,FR,0,FR,L,186405
2024,MI,FT,Data Analyst,139214,USD,FR,0,IN,L,48290
2024,MI,FT,Data Engineer,153936,USD,FR,0,FR,S,108668
2023,SE,FT,BI Analyst,56279,USD,IN,50,GB,L,152472
